The Olive Exclusive All-Suite Hotel,-22.5534297,17.0902601
Pelican Point Lodge,-22.891851,14.435369
Le Mirage Desert Lodge & Spa,-24.682858,15.814991
Villa Moringa Guesthouse,-22.5635988,17.1114164
andBeyond Sossusvlei Desert Lodge,-24.779536,15.888596
Onguma The Fort,-18.7354586,17.0427715
Boulders Safari Camp,-25.3304383,15.976672
Ongava Tented Camp,-19.335101,15.799226
Eagle Tented Lodge & Spa | Etosha,-19.385771,15.686624
Wolwedans Private Camp,-25.13396,16.015029
OKONJIMA VILLA,-20.8029321,16.6754373
Cascade Island Lodge,-17.752098,25.172747
Omaanda (Zannier Hotels),-22.4514003,17.4054615
GocheGanas Private Wildlife Reserve & Spa,-22.8120688,17.2143
Ongava Lodge,-19.333316,15.871599
Little Kulala,-24.6189495,15.7627201
Damaraland Camp,-20.389843,14.1057748
